[{
  "Country": "Afghanistan",
  "ISO-Alpha-2": "AF",
  "ISO-Alpha-3": "AFG",
  "ISO-Numeric-Code": "004"
}, {
  "Country": "Aland Islands",
  "ISO-Alpha-2": "AX",
  "ISO-Alpha-3": "ALA",
  "ISO-Numeric-Code": "248"
}, {
  "Country": "Albania",
  "ISO-Alpha-2": "AL",
  "ISO-Alpha-3": "ALB",
  "ISO-Numeric-Code": "008"
}, {
  "Country": "Algeria",
  "ISO-Alpha-2": "DZ",
  "ISO-Alpha-3": "DZA",
  "ISO-Numeric-Code": "012"
}, {
  "Country": "American Samoa",
  "ISO-Alpha-2": "AS",
  "ISO-Alpha-3": "ASM",
  "ISO-Numeric-Code": "016"
}, {
  "Country": "Andorra",
  "ISO-Alpha-2": "AD",
  "ISO-Alpha-3": "AND",
  "ISO-Numeric-Code": "020"
}, {
  "Country": "Angola",
  "ISO-Alpha-2": "AO",
  "ISO-Alpha-3": "AGO",
  "ISO-Numeric-Code": "024"
}, {
  "Country": "Anguilla",
  "ISO-Alpha-2": "AI",
  "ISO-Alpha-3": "AIA",
  "ISO-Numeric-Code": "660"
}, {
  "Country": "Antarctica",
  "ISO-Alpha-2": "AQ",
  "ISO-Alpha-3": "ATA",
  "ISO-Numeric-Code": "010"
}, {
  "Country": "Antigua and Barbuda",
  "ISO-Alpha-2": "AG",
  "ISO-Alpha-3": "ATG",
  "ISO-Numeric-Code": "028"
}, {
  "Country": "Argentina",
  "ISO-Alpha-2": "AR",
  "ISO-Alpha-3": "ARG",
  "ISO-Numeric-Code": "032"
}, {
  "Country": "Armenia",
  "ISO-Alpha-2": "AM",
  "ISO-Alpha-3": "ARM",
  "ISO-Numeric-Code": "051"
}, {
  "Country": "Aruba",
  "ISO-Alpha-2": "AW",
  "ISO-Alpha-3": "ABW",
  "ISO-Numeric-Code": "533"
}, {
  "Country": "Australia",
  "ISO-Alpha-2": "AU",
  "ISO-Alpha-3": "AUS",
  "ISO-Numeric-Code": "036"
}, {
  "Country": "Austria",
  "ISO-Alpha-2": "AT",
  "ISO-Alpha-3": "AUT",
  "ISO-Numeric-Code": "040"
}, {
  "Country": "Azerbaijan",
  "ISO-Alpha-2": "AZ",
  "ISO-Alpha-3": "AZE",
  "ISO-Numeric-Code": "031"
}, {
  "Country": "Bahamas",
  "ISO-Alpha-2": "BS",
  "ISO-Alpha-3": "BHS",
  "ISO-Numeric-Code": "044"
}, {
  "Country": "Bahrain",
  "ISO-Alpha-2": "BH",
  "ISO-Alpha-3": "BHR",
  "ISO-Numeric-Code": "048"
}, {
  "Country": "Bangladesh",
  "ISO-Alpha-2": "BD",
  "ISO-Alpha-3": "BGD",
  "ISO-Numeric-Code": "050"
}, {
  "Country": "Barbados",
  "ISO-Alpha-2": "BB",
  "ISO-Alpha-3": "BRB",
  "ISO-Numeric-Code": "052"
}, {
  "Country": "Belarus",
  "ISO-Alpha-2": "BY",
  "ISO-Alpha-3": "BLR",
  "ISO-Numeric-Code": "112"
}, {
  "Country": "Belgium",
  "ISO-Alpha-2": "BE",
  "ISO-Alpha-3": "BEL",
  "ISO-Numeric-Code": "056"
}, {
  "Country": "Belize",
  "ISO-Alpha-2": "BZ",
  "ISO-Alpha-3": "BLZ",
  "ISO-Numeric-Code": "084"
}, {
  "Country": "Benin",
  "ISO-Alpha-2": "BJ",
  "ISO-Alpha-3": "BEN",
  "ISO-Numeric-Code": "204"
}, {
  "Country": "Bermuda",
  "ISO-Alpha-2": "BM",
  "ISO-Alpha-3": "BMU",
  "ISO-Numeric-Code": "060"
}, {
  "Country": "Bhutan",
  "ISO-Alpha-2": "BT",
  "ISO-Alpha-3": "BTN",
  "ISO-Numeric-Code": "064"
}, {
  "Country": "Bolivia",
  "ISO-Alpha-2": "BO",
  "ISO-Alpha-3": "BOL",
  "ISO-Numeric-Code": "068"
}, {
  "Country": "Bosnia and Herzegovina",
  "ISO-Alpha-2": "BA",
  "ISO-Alpha-3": "BIH",
  "ISO-Numeric-Code": "070"
}, {
  "Country": "Botswana",
  "ISO-Alpha-2": "BW",
  "ISO-Alpha-3": "BWA",
  "ISO-Numeric-Code": "072"
}, {
  "Country": "Bouvet Island",
  "ISO-Alpha-2": "BV",
  "ISO-Alpha-3": "BVT",
  "ISO-Numeric-Code": "074"
}, {
  "Country": "Brazil",
  "ISO-Alpha-2": "BR",
  "ISO-Alpha-3": "BRA",
  "ISO-Numeric-Code": "076"
}, {
  "Country": "British Virgin Islands",
  "ISO-Alpha-2": "VG",
  "ISO-Alpha-3": "VGB",
  "ISO-Numeric-Code": "092"
}, {
  "Country": "British Indian Ocean Territory",
  "ISO-Alpha-2": "IO",
  "ISO-Alpha-3": "IOT",
  "ISO-Numeric-Code": "086"
}, {
  "Country": "Brunei Darussalam",
  "ISO-Alpha-2": "BN",
  "ISO-Alpha-3": "BRN",
  "ISO-Numeric-Code": "096"
}, {
  "Country": "Bulgaria",
  "ISO-Alpha-2": "BG",
  "ISO-Alpha-3": "BGR",
  "ISO-Numeric-Code": "100"
}, {
  "Country": "Burkina Faso",
  "ISO-Alpha-2": "BF",
  "ISO-Alpha-3": "BFA",
  "ISO-Numeric-Code": "854"
}, {
  "Country": "Burundi",
  "ISO-Alpha-2": "BI",
  "ISO-Alpha-3": "BDI",
  "ISO-Numeric-Code": "108"
}, {
  "Country": "Cambodia",
  "ISO-Alpha-2": "KH",
  "ISO-Alpha-3": "KHM",
  "ISO-Numeric-Code": "116"
}, {
  "Country": "Cameroon",
  "ISO-Alpha-2": "CM",
  "ISO-Alpha-3": "CMR",
  "ISO-Numeric-Code": "120"
}, {
  "Country": "Canada",
  "ISO-Alpha-2": "CA",
  "ISO-Alpha-3": "CAN",
  "ISO-Numeric-Code": "124"
}, {
  "Country": "Cape Verde",
  "ISO-Alpha-2": "CV",
  "ISO-Alpha-3": "CPV",
  "ISO-Numeric-Code": "132"
}, {
  "Country": "Cayman Islands",
  "ISO-Alpha-2": "KY",
  "ISO-Alpha-3": "CYM",
  "ISO-Numeric-Code": "136"
}, {
  "Country": "Central African Republic",
  "ISO-Alpha-2": "CF",
  "ISO-Alpha-3": "CAF",
  "ISO-Numeric-Code": "140"
}, {
  "Country": "Chad",
  "ISO-Alpha-2": "TD",
  "ISO-Alpha-3": "TCD",
  "ISO-Numeric-Code": "148"
}, {
  "Country": "Chile",
  "ISO-Alpha-2": "CL",
  "ISO-Alpha-3": "CHL",
  "ISO-Numeric-Code": "152"
}, {
  "Country": "China",
  "ISO-Alpha-2": "CN",
  "ISO-Alpha-3": "CHN",
  "ISO-Numeric-Code": "156"
}, {
  "Country": "Hong Kong, SAR China",
  "ISO-Alpha-2": "HK",
  "ISO-Alpha-3": "HKG",
  "ISO-Numeric-Code": "344"
}, {
  "Country": "Macao, SAR China",
  "ISO-Alpha-2": "MO",
  "ISO-Alpha-3": "MAC",
  "ISO-Numeric-Code": "446"
}, {
  "Country": "Christmas Island",
  "ISO-Alpha-2": "CX",
  "ISO-Alpha-3": "CXR",
  "ISO-Numeric-Code": "162"
}, {
  "Country": "Cocos (Keeling) Islands",
  "ISO-Alpha-2": "CC",
  "ISO-Alpha-3": "CCK",
  "ISO-Numeric-Code": "166"
}, {
  "Country": "Colombia",
  "ISO-Alpha-2": "CO",
  "ISO-Alpha-3": "COL",
  "ISO-Numeric-Code": "170"
}, {
  "Country": "Comoros",
  "ISO-Alpha-2": "KM",
  "ISO-Alpha-3": "COM",
  "ISO-Numeric-Code": "174"
}, {
  "Country": "Congo (Brazzaville)",
  "ISO-Alpha-2": "CG",
  "ISO-Alpha-3": "COG",
  "ISO-Numeric-Code": "178"
}, {
  "Country": "Congo, (Kinshasa)",
  "ISO-Alpha-2": "CD",
  "ISO-Alpha-3": "COD",
  "ISO-Numeric-Code": "180"
}, {
  "Country": "Cook Islands",
  "ISO-Alpha-2": "CK",
  "ISO-Alpha-3": "COK",
  "ISO-Numeric-Code": "184"
}, {
  "Country": "Costa Rica",
  "ISO-Alpha-2": "CR",
  "ISO-Alpha-3": "CRI",
  "ISO-Numeric-Code": "188"
}, {
  "Country": "C™te d'Ivoire",
  "ISO-Alpha-2": "CI",
  "ISO-Alpha-3": "CIV",
  "ISO-Numeric-Code": "384"
}, {
  "Country": "Croatia",
  "ISO-Alpha-2": "HR",
  "ISO-Alpha-3": "HRV",
  "ISO-Numeric-Code": "191"
}, {
  "Country": "Cuba",
  "ISO-Alpha-2": "CU",
  "ISO-Alpha-3": "CUB",
  "ISO-Numeric-Code": "192"
}, {
  "Country": "Cyprus",
  "ISO-Alpha-2": "CY",
  "ISO-Alpha-3": "CYP",
  "ISO-Numeric-Code": "196"
}, {
  "Country": "Czech Republic",
  "ISO-Alpha-2": "CZ",
  "ISO-Alpha-3": "CZE",
  "ISO-Numeric-Code": "203"
}, {
  "Country": "Denmark",
  "ISO-Alpha-2": "DK",
  "ISO-Alpha-3": "DNK",
  "ISO-Numeric-Code": "208"
}, {
  "Country": "Djibouti",
  "ISO-Alpha-2": "DJ",
  "ISO-Alpha-3": "DJI",
  "ISO-Numeric-Code": "262"
}, {
  "Country": "Dominica",
  "ISO-Alpha-2": "DM",
  "ISO-Alpha-3": "DMA",
  "ISO-Numeric-Code": "212"
}, {
  "Country": "Dominican Republic",
  "ISO-Alpha-2": "DO",
  "ISO-Alpha-3": "DOM",
  "ISO-Numeric-Code": "214"
}, {
  "Country": "Ecuador",
  "ISO-Alpha-2": "EC",
  "ISO-Alpha-3": "ECU",
  "ISO-Numeric-Code": "218"
}, {
  "Country": "Egypt",
  "ISO-Alpha-2": "EG",
  "ISO-Alpha-3": "EGY",
  "ISO-Numeric-Code": "818"
}, {
  "Country": "El Salvador",
  "ISO-Alpha-2": "SV",
  "ISO-Alpha-3": "SLV",
  "ISO-Numeric-Code": "222"
}, {
  "Country": "Equatorial Guinea",
  "ISO-Alpha-2": "GQ",
  "ISO-Alpha-3": "GNQ",
  "ISO-Numeric-Code": "226"
}, {
  "Country": "Eritrea",
  "ISO-Alpha-2": "ER",
  "ISO-Alpha-3": "ERI",
  "ISO-Numeric-Code": "232"
}, {
  "Country": "Estonia",
  "ISO-Alpha-2": "EE",
  "ISO-Alpha-3": "EST",
  "ISO-Numeric-Code": "233"
}, {
  "Country": "Ethiopia",
  "ISO-Alpha-2": "ET",
  "ISO-Alpha-3": "ETH",
  "ISO-Numeric-Code": "231"
}, {
  "Country": "Falkland Islands (Malvinas)",
  "ISO-Alpha-2": "FK",
  "ISO-Alpha-3": "FLK",
  "ISO-Numeric-Code": "238"
}, {
  "Country": "Faroe Islands",
  "ISO-Alpha-2": "FO",
  "ISO-Alpha-3": "FRO",
  "ISO-Numeric-Code": "234"
}, {
  "Country": "Fiji",
  "ISO-Alpha-2": "FJ",
  "ISO-Alpha-3": "FJI",
  "ISO-Numeric-Code": "242"
}, {
  "Country": "Finland",
  "ISO-Alpha-2": "FI",
  "ISO-Alpha-3": "FIN",
  "ISO-Numeric-Code": "246"
}, {
  "Country": "France",
  "ISO-Alpha-2": "FR",
  "ISO-Alpha-3": "FRA",
  "ISO-Numeric-Code": "250"
}, {
  "Country": "French Guiana",
  "ISO-Alpha-2": "GF",
  "ISO-Alpha-3": "GUF",
  "ISO-Numeric-Code": "254"
}, {
  "Country": "French Polynesia",
  "ISO-Alpha-2": "PF",
  "ISO-Alpha-3": "PYF",
  "ISO-Numeric-Code": "258"
}, {
  "Country": "French Southern Territories",
  "ISO-Alpha-2": "TF",
  "ISO-Alpha-3": "ATF",
  "ISO-Numeric-Code": "260"
}, {
  "Country": "Gabon",
  "ISO-Alpha-2": "GA",
  "ISO-Alpha-3": "GAB",
  "ISO-Numeric-Code": "266"
}, {
  "Country": "Gambia",
  "ISO-Alpha-2": "GM",
  "ISO-Alpha-3": "GMB",
  "ISO-Numeric-Code": "270"
}, {
  "Country": "Georgia",
  "ISO-Alpha-2": "GE",
  "ISO-Alpha-3": "GEO",
  "ISO-Numeric-Code": "268"
}, {
  "Country": "Germany",
  "ISO-Alpha-2": "DE",
  "ISO-Alpha-3": "DEU",
  "ISO-Numeric-Code": "276"
}, {
  "Country": "Ghana",
  "ISO-Alpha-2": "GH",
  "ISO-Alpha-3": "GHA",
  "ISO-Numeric-Code": "288"
}, {
  "Country": "Gibraltar",
  "ISO-Alpha-2": "GI",
  "ISO-Alpha-3": "GIB",
  "ISO-Numeric-Code": "292"
}, {
  "Country": "Greece",
  "ISO-Alpha-2": "GR",
  "ISO-Alpha-3": "GRC",
  "ISO-Numeric-Code": "300"
}, {
  "Country": "Greenland",
  "ISO-Alpha-2": "GL",
  "ISO-Alpha-3": "GRL",
  "ISO-Numeric-Code": "304"
}, {
  "Country": "Grenada",
  "ISO-Alpha-2": "GD",
  "ISO-Alpha-3": "GRD",
  "ISO-Numeric-Code": "308"
}, {
  "Country": "Guadeloupe",
  "ISO-Alpha-2": "GP",
  "ISO-Alpha-3": "GLP",
  "ISO-Numeric-Code": "312"
}, {
  "Country": "Guam",
  "ISO-Alpha-2": "GU",
  "ISO-Alpha-3": "GUM",
  "ISO-Numeric-Code": "316"
}, {
  "Country": "Guatemala",
  "ISO-Alpha-2": "GT",
  "ISO-Alpha-3": "GTM",
  "ISO-Numeric-Code": "320"
}, {
  "Country": "Guernsey",
  "ISO-Alpha-2": "GG",
  "ISO-Alpha-3": "GGY",
  "ISO-Numeric-Code": "831"
}, {
  "Country": "Guinea",
  "ISO-Alpha-2": "GN",
  "ISO-Alpha-3": "GIN",
  "ISO-Numeric-Code": "324"
}, {
  "Country": "Guinea-Bissau",
  "ISO-Alpha-2": "GW",
  "ISO-Alpha-3": "GNB",
  "ISO-Numeric-Code": "624"
}, {
  "Country": "Guyana",
  "ISO-Alpha-2": "GY",
  "ISO-Alpha-3": "GUY",
  "ISO-Numeric-Code": "328"
}, {
  "Country": "Haiti",
  "ISO-Alpha-2": "HT",
  "ISO-Alpha-3": "HTI",
  "ISO-Numeric-Code": "332"
}, {
  "Country": "Heard and Mcdonald Islands",
  "ISO-Alpha-2": "HM",
  "ISO-Alpha-3": "HMD",
  "ISO-Numeric-Code": "334"
}, {
  "Country": "Holy See (Vatican City State)",
  "ISO-Alpha-2": "VA",
  "ISO-Alpha-3": "VAT",
  "ISO-Numeric-Code": "336"
}, {
  "Country": "Honduras",
  "ISO-Alpha-2": "HN",
  "ISO-Alpha-3": "HND",
  "ISO-Numeric-Code": "340"
}, {
  "Country": "Hungary",
  "ISO-Alpha-2": "HU",
  "ISO-Alpha-3": "HUN",
  "ISO-Numeric-Code": "348"
}, {
  "Country": "Iceland",
  "ISO-Alpha-2": "IS",
  "ISO-Alpha-3": "ISL",
  "ISO-Numeric-Code": "352"
}, {
  "Country": "India",
  "ISO-Alpha-2": "IN",
  "ISO-Alpha-3": "IND",
  "ISO-Numeric-Code": "356"
}, {
  "Country": "Indonesia",
  "ISO-Alpha-2": "ID",
  "ISO-Alpha-3": "IDN",
  "ISO-Numeric-Code": "360"
}, {
  "Country": "Iran, Islamic Republic of",
  "ISO-Alpha-2": "IR",
  "ISO-Alpha-3": "IRN",
  "ISO-Numeric-Code": "364"
}, {
  "Country": "Iraq",
  "ISO-Alpha-2": "IQ",
  "ISO-Alpha-3": "IRQ",
  "ISO-Numeric-Code": "368"
}, {
  "Country": "Ireland",
  "ISO-Alpha-2": "IE",
  "ISO-Alpha-3": "IRL",
  "ISO-Numeric-Code": "372"
}, {
  "Country": "Isle of Man",
  "ISO-Alpha-2": "IM",
  "ISO-Alpha-3": "IMN",
  "ISO-Numeric-Code": "833"
}, {
  "Country": "Israel",
  "ISO-Alpha-2": "IL",
  "ISO-Alpha-3": "ISR",
  "ISO-Numeric-Code": "376"
}, {
  "Country": "Italy",
  "ISO-Alpha-2": "IT",
  "ISO-Alpha-3": "ITA",
  "ISO-Numeric-Code": "380"
}, {
  "Country": "Jamaica",
  "ISO-Alpha-2": "JM",
  "ISO-Alpha-3": "JAM",
  "ISO-Numeric-Code": "388"
}, {
  "Country": "Japan",
  "ISO-Alpha-2": "JP",
  "ISO-Alpha-3": "JPN",
  "ISO-Numeric-Code": "392"
}, {
  "Country": "Jersey",
  "ISO-Alpha-2": "JE",
  "ISO-Alpha-3": "JEY",
  "ISO-Numeric-Code": "832"
}, {
  "Country": "Jordan",
  "ISO-Alpha-2": "JO",
  "ISO-Alpha-3": "JOR",
  "ISO-Numeric-Code": "400"
}, {
  "Country": "Kazakhstan",
  "ISO-Alpha-2": "KZ",
  "ISO-Alpha-3": "KAZ",
  "ISO-Numeric-Code": "398"
}, {
  "Country": "Kenya",
  "ISO-Alpha-2": "KE",
  "ISO-Alpha-3": "KEN",
  "ISO-Numeric-Code": "404"
}, {
  "Country": "Kiribati",
  "ISO-Alpha-2": "KI",
  "ISO-Alpha-3": "KIR",
  "ISO-Numeric-Code": "296"
}, {
  "Country": "Korea (North)",
  "ISO-Alpha-2": "KP",
  "ISO-Alpha-3": "PRK",
  "ISO-Numeric-Code": "408"
}, {
  "Country": "Korea (South)",
  "ISO-Alpha-2": "KR",
  "ISO-Alpha-3": "KOR",
  "ISO-Numeric-Code": "410"
}, {
  "Country": "Kuwait",
  "ISO-Alpha-2": "KW",
  "ISO-Alpha-3": "KWT",
  "ISO-Numeric-Code": "414"
}, {
  "Country": "Kyrgyzstan",
  "ISO-Alpha-2": "KG",
  "ISO-Alpha-3": "KGZ",
  "ISO-Numeric-Code": "417"
}, {
  "Country": "Lao PDR",
  "ISO-Alpha-2": "LA",
  "ISO-Alpha-3": "LAO",
  "ISO-Numeric-Code": "418"
}, {
  "Country": "Latvia",
  "ISO-Alpha-2": "LV",
  "ISO-Alpha-3": "LVA",
  "ISO-Numeric-Code": "428"
}, {
  "Country": "Lebanon",
  "ISO-Alpha-2": "LB",
  "ISO-Alpha-3": "LBN",
  "ISO-Numeric-Code": "422"
}, {
  "Country": "Lesotho",
  "ISO-Alpha-2": "LS",
  "ISO-Alpha-3": "LSO",
  "ISO-Numeric-Code": "426"
}, {
  "Country": "Liberia",
  "ISO-Alpha-2": "LR",
  "ISO-Alpha-3": "LBR",
  "ISO-Numeric-Code": "430"
}, {
  "Country": "Libya",
  "ISO-Alpha-2": "LY",
  "ISO-Alpha-3": "LBY",
  "ISO-Numeric-Code": "434"
}, {
  "Country": "Liechtenstein",
  "ISO-Alpha-2": "LI",
  "ISO-Alpha-3": "LIE",
  "ISO-Numeric-Code": "438"
}, {
  "Country": "Lithuania",
  "ISO-Alpha-2": "LT",
  "ISO-Alpha-3": "LTU",
  "ISO-Numeric-Code": "440"
}, {
  "Country": "Luxembourg",
  "ISO-Alpha-2": "LU",
  "ISO-Alpha-3": "LUX",
  "ISO-Numeric-Code": "442"
}, {
  "Country": "Macedonia, Republic of",
  "ISO-Alpha-2": "MK",
  "ISO-Alpha-3": "MKD",
  "ISO-Numeric-Code": "807"
}, {
  "Country": "Madagascar",
  "ISO-Alpha-2": "MG",
  "ISO-Alpha-3": "MDG",
  "ISO-Numeric-Code": "450"
}, {
  "Country": "Malawi",
  "ISO-Alpha-2": "MW",
  "ISO-Alpha-3": "MWI",
  "ISO-Numeric-Code": "454"
}, {
  "Country": "Malaysia",
  "ISO-Alpha-2": "MY",
  "ISO-Alpha-3": "MYS",
  "ISO-Numeric-Code": "458"
}, {
  "Country": "Maldives",
  "ISO-Alpha-2": "MV",
  "ISO-Alpha-3": "MDV",
  "ISO-Numeric-Code": "462"
}, {
  "Country": "Mali",
  "ISO-Alpha-2": "ML",
  "ISO-Alpha-3": "MLI",
  "ISO-Numeric-Code": "466"
}, {
  "Country": "Malta",
  "ISO-Alpha-2": "MT",
  "ISO-Alpha-3": "MLT",
  "ISO-Numeric-Code": "470"
}, {
  "Country": "Marshall Islands",
  "ISO-Alpha-2": "MH",
  "ISO-Alpha-3": "MHL",
  "ISO-Numeric-Code": "584"
}, {
  "Country": "Martinique",
  "ISO-Alpha-2": "MQ",
  "ISO-Alpha-3": "MTQ",
  "ISO-Numeric-Code": "474"
}, {
  "Country": "Mauritania",
  "ISO-Alpha-2": "MR",
  "ISO-Alpha-3": "MRT",
  "ISO-Numeric-Code": "478"
}, {
  "Country": "Mauritius",
  "ISO-Alpha-2": "MU",
  "ISO-Alpha-3": "MUS",
  "ISO-Numeric-Code": "480"
}, {
  "Country": "Mayotte",
  "ISO-Alpha-2": "YT",
  "ISO-Alpha-3": "MYT",
  "ISO-Numeric-Code": "175"
}, {
  "Country": "Mexico",
  "ISO-Alpha-2": "MX",
  "ISO-Alpha-3": "MEX",
  "ISO-Numeric-Code": "484"
}, {
  "Country": "Micronesia, Federated States of",
  "ISO-Alpha-2": "FM",
  "ISO-Alpha-3": "FSM",
  "ISO-Numeric-Code": "583"
}, {
  "Country": "Moldova",
  "ISO-Alpha-2": "MD",
  "ISO-Alpha-3": "MDA",
  "ISO-Numeric-Code": "498"
}, {
  "Country": "Monaco",
  "ISO-Alpha-2": "MC",
  "ISO-Alpha-3": "MCO",
  "ISO-Numeric-Code": "492"
}, {
  "Country": "Mongolia",
  "ISO-Alpha-2": "MN",
  "ISO-Alpha-3": "MNG",
  "ISO-Numeric-Code": "496"
}, {
  "Country": "Montenegro",
  "ISO-Alpha-2": "ME",
  "ISO-Alpha-3": "MNE",
  "ISO-Numeric-Code": "499"
}, {
  "Country": "Montserrat",
  "ISO-Alpha-2": "MS",
  "ISO-Alpha-3": "MSR",
  "ISO-Numeric-Code": "500"
}, {
  "Country": "Morocco",
  "ISO-Alpha-2": "MA",
  "ISO-Alpha-3": "MAR",
  "ISO-Numeric-Code": "504"
}, {
  "Country": "Mozambique",
  "ISO-Alpha-2": "MZ",
  "ISO-Alpha-3": "MOZ",
  "ISO-Numeric-Code": "508"
}, {
  "Country": "Myanmar",
  "ISO-Alpha-2": "MM",
  "ISO-Alpha-3": "MMR",
  "ISO-Numeric-Code": "104"
}, {
  "Country": "Namibia",
  "ISO-Alpha-2": "NA",
  "ISO-Alpha-3": "NAM",
  "ISO-Numeric-Code": "516"
}, {
  "Country": "Nauru",
  "ISO-Alpha-2": "NR",
  "ISO-Alpha-3": "NRU",
  "ISO-Numeric-Code": "520"
}, {
  "Country": "Nepal",
  "ISO-Alpha-2": "NP",
  "ISO-Alpha-3": "NPL",
  "ISO-Numeric-Code": "524"
}, {
  "Country": "Netherlands",
  "ISO-Alpha-2": "NL",
  "ISO-Alpha-3": "NLD",
  "ISO-Numeric-Code": "528"
}, {
  "Country": "Netherlands Antilles",
  "ISO-Alpha-2": "AN",
  "ISO-Alpha-3": "ANT",
  "ISO-Numeric-Code": "530"
}, {
  "Country": "New Caledonia",
  "ISO-Alpha-2": "NC",
  "ISO-Alpha-3": "NCL",
  "ISO-Numeric-Code": "540"
}, {
  "Country": "New Zealand",
  "ISO-Alpha-2": "NZ",
  "ISO-Alpha-3": "NZL",
  "ISO-Numeric-Code": "554"
}, {
  "Country": "Nicaragua",
  "ISO-Alpha-2": "NI",
  "ISO-Alpha-3": "NIC",
  "ISO-Numeric-Code": "558"
}, {
  "Country": "Niger",
  "ISO-Alpha-2": "NE",
  "ISO-Alpha-3": "NER",
  "ISO-Numeric-Code": "562"
}, {
  "Country": "Nigeria",
  "ISO-Alpha-2": "NG",
  "ISO-Alpha-3": "NGA",
  "ISO-Numeric-Code": "566"
}, {
  "Country": "Niue",
  "ISO-Alpha-2": "NU",
  "ISO-Alpha-3": "NIU",
  "ISO-Numeric-Code": "570"
}, {
  "Country": "Norfolk Island",
  "ISO-Alpha-2": "NF",
  "ISO-Alpha-3": "NFK",
  "ISO-Numeric-Code": "574"
}, {
  "Country": "Northern Mariana Islands",
  "ISO-Alpha-2": "MP",
  "ISO-Alpha-3": "MNP",
  "ISO-Numeric-Code": "580"
}, {
  "Country": "Norway",
  "ISO-Alpha-2": "NO",
  "ISO-Alpha-3": "NOR",
  "ISO-Numeric-Code": "578"
}, {
  "Country": "Oman",
  "ISO-Alpha-2": "OM",
  "ISO-Alpha-3": "OMN",
  "ISO-Numeric-Code": "512"
}, {
  "Country": "Pakistan",
  "ISO-Alpha-2": "PK",
  "ISO-Alpha-3": "PAK",
  "ISO-Numeric-Code": "586"
}, {
  "Country": "Palau",
  "ISO-Alpha-2": "PW",
  "ISO-Alpha-3": "PLW",
  "ISO-Numeric-Code": "585"
}, {
  "Country": "Palestinian Territory",
  "ISO-Alpha-2": "PS",
  "ISO-Alpha-3": "PSE",
  "ISO-Numeric-Code": "275"
}, {
  "Country": "Panama",
  "ISO-Alpha-2": "PA",
  "ISO-Alpha-3": "PAN",
  "ISO-Numeric-Code": "591"
}, {
  "Country": "Papua New Guinea",
  "ISO-Alpha-2": "PG",
  "ISO-Alpha-3": "PNG",
  "ISO-Numeric-Code": "598"
}, {
  "Country": "Paraguay",
  "ISO-Alpha-2": "PY",
  "ISO-Alpha-3": "PRY",
  "ISO-Numeric-Code": "600"
}, {
  "Country": "Peru",
  "ISO-Alpha-2": "PE",
  "ISO-Alpha-3": "PER",
  "ISO-Numeric-Code": "604"
}, {
  "Country": "Philippines",
  "ISO-Alpha-2": "PH",
  "ISO-Alpha-3": "PHL",
  "ISO-Numeric-Code": "608"
}, {
  "Country": "Pitcairn",
  "ISO-Alpha-2": "PN",
  "ISO-Alpha-3": "PCN",
  "ISO-Numeric-Code": "612"
}, {
  "Country": "Poland",
  "ISO-Alpha-2": "PL",
  "ISO-Alpha-3": "POL",
  "ISO-Numeric-Code": "616"
}, {
  "Country": "Portugal",
  "ISO-Alpha-2": "PT",
  "ISO-Alpha-3": "PRT",
  "ISO-Numeric-Code": "620"
}, {
  "Country": "Puerto Rico",
  "ISO-Alpha-2": "PR",
  "ISO-Alpha-3": "PRI",
  "ISO-Numeric-Code": "630"
}, {
  "Country": "Qatar",
  "ISO-Alpha-2": "QA",
  "ISO-Alpha-3": "QAT",
  "ISO-Numeric-Code": "634"
}, {
  "Country": "RŽunion",
  "ISO-Alpha-2": "RE",
  "ISO-Alpha-3": "REU",
  "ISO-Numeric-Code": "638"
}, {
  "Country": "Romania",
  "ISO-Alpha-2": "RO",
  "ISO-Alpha-3": "ROU",
  "ISO-Numeric-Code": "642"
}, {
  "Country": "Russian Federation",
  "ISO-Alpha-2": "RU",
  "ISO-Alpha-3": "RUS",
  "ISO-Numeric-Code": "643"
}, {
  "Country": "Rwanda",
  "ISO-Alpha-2": "RW",
  "ISO-Alpha-3": "RWA",
  "ISO-Numeric-Code": "646"
}, {
  "Country": "Saint-BarthŽlemy",
  "ISO-Alpha-2": "BL",
  "ISO-Alpha-3": "BLM",
  "ISO-Numeric-Code": "652"
}, {
  "Country": "Saint Helena",
  "ISO-Alpha-2": "SH",
  "ISO-Alpha-3": "SHN",
  "ISO-Numeric-Code": "654"
}, {
  "Country": "Saint Kitts and Nevis",
  "ISO-Alpha-2": "KN",
  "ISO-Alpha-3": "KNA",
  "ISO-Numeric-Code": "659"
}, {
  "Country": "Saint Lucia",
  "ISO-Alpha-2": "LC",
  "ISO-Alpha-3": "LCA",
  "ISO-Numeric-Code": "662"
}, {
  "Country": "Saint-Martin (French part)",
  "ISO-Alpha-2": "MF",
  "ISO-Alpha-3": "MAF",
  "ISO-Numeric-Code": "663"
}, {
  "Country": "Saint Pierre and Miquelon",
  "ISO-Alpha-2": "PM",
  "ISO-Alpha-3": "SPM",
  "ISO-Numeric-Code": "666"
}, {
  "Country": "Saint Vincent and Grenadines",
  "ISO-Alpha-2": "VC",
  "ISO-Alpha-3": "VCT",
  "ISO-Numeric-Code": "670"
}, {
  "Country": "Samoa",
  "ISO-Alpha-2": "WS",
  "ISO-Alpha-3": "WSM",
  "ISO-Numeric-Code": "882"
}, {
  "Country": "San Marino",
  "ISO-Alpha-2": "SM",
  "ISO-Alpha-3": "SMR",
  "ISO-Numeric-Code": "674"
}, {
  "Country": "Sao Tome and Principe",
  "ISO-Alpha-2": "ST",
  "ISO-Alpha-3": "STP",
  "ISO-Numeric-Code": "678"
}, {
  "Country": "Saudi Arabia",
  "ISO-Alpha-2": "SA",
  "ISO-Alpha-3": "SAU",
  "ISO-Numeric-Code": "682"
}, {
  "Country": "Senegal",
  "ISO-Alpha-2": "SN",
  "ISO-Alpha-3": "SEN",
  "ISO-Numeric-Code": "686"
}, {
  "Country": "Serbia",
  "ISO-Alpha-2": "RS",
  "ISO-Alpha-3": "SRB",
  "ISO-Numeric-Code": "688"
}, {
  "Country": "Seychelles",
  "ISO-Alpha-2": "SC",
  "ISO-Alpha-3": "SYC",
  "ISO-Numeric-Code": "690"
}, {
  "Country": "Sierra Leone",
  "ISO-Alpha-2": "SL",
  "ISO-Alpha-3": "SLE",
  "ISO-Numeric-Code": "694"
}, {
  "Country": "Singapore",
  "ISO-Alpha-2": "SG",
  "ISO-Alpha-3": "SGP",
  "ISO-Numeric-Code": "702"
}, {
  "Country": "Slovakia",
  "ISO-Alpha-2": "SK",
  "ISO-Alpha-3": "SVK",
  "ISO-Numeric-Code": "703"
}, {
  "Country": "Slovenia",
  "ISO-Alpha-2": "SI",
  "ISO-Alpha-3": "SVN",
  "ISO-Numeric-Code": "705"
}, {
  "Country": "Solomon Islands",
  "ISO-Alpha-2": "SB",
  "ISO-Alpha-3": "SLB",
  "ISO-Numeric-Code": "090"
}, {
  "Country": "Somalia",
  "ISO-Alpha-2": "SO",
  "ISO-Alpha-3": "SOM",
  "ISO-Numeric-Code": "706"
}, {
  "Country": "South Africa",
  "ISO-Alpha-2": "ZA",
  "ISO-Alpha-3": "ZAF",
  "ISO-Numeric-Code": "710"
}, {
  "Country": "South Georgia and the South Sandwich Islands",
  "ISO-Alpha-2": "GS",
  "ISO-Alpha-3": "SGS",
  "ISO-Numeric-Code": "239"
}, {
  "Country": "South Sudan",
  "ISO-Alpha-2": "SS",
  "ISO-Alpha-3": "SSD",
  "ISO-Numeric-Code": "728"
}, {
  "Country": "Spain",
  "ISO-Alpha-2": "ES",
  "ISO-Alpha-3": "ESP",
  "ISO-Numeric-Code": "724"
}, {
  "Country": "Sri Lanka",
  "ISO-Alpha-2": "LK",
  "ISO-Alpha-3": "LKA",
  "ISO-Numeric-Code": "144"
}, {
  "Country": "Sudan",
  "ISO-Alpha-2": "SD",
  "ISO-Alpha-3": "SDN",
  "ISO-Numeric-Code": "736"
}, {
  "Country": "Suriname",
  "ISO-Alpha-2": "SR",
  "ISO-Alpha-3": "SUR",
  "ISO-Numeric-Code": "740"
}, {
  "Country": "Svalbard and Jan Mayen Islands",
  "ISO-Alpha-2": "SJ",
  "ISO-Alpha-3": "SJM",
  "ISO-Numeric-Code": "744"
}, {
  "Country": "Swaziland",
  "ISO-Alpha-2": "SZ",
  "ISO-Alpha-3": "SWZ",
  "ISO-Numeric-Code": "748"
}, {
  "Country": "Sweden",
  "ISO-Alpha-2": "SE",
  "ISO-Alpha-3": "SWE",
  "ISO-Numeric-Code": "752"
}, {
  "Country": "Switzerland",
  "ISO-Alpha-2": "CH",
  "ISO-Alpha-3": "CHE",
  "ISO-Numeric-Code": "756"
}, {
  "Country": "Syrian Arab Republic (Syria)",
  "ISO-Alpha-2": "SY",
  "ISO-Alpha-3": "SYR",
  "ISO-Numeric-Code": "760"
}, {
  "Country": "Taiwan, Republic of China",
  "ISO-Alpha-2": "TW",
  "ISO-Alpha-3": "TWN",
  "ISO-Numeric-Code": "158"
}, {
  "Country": "Tajikistan",
  "ISO-Alpha-2": "TJ",
  "ISO-Alpha-3": "TJK",
  "ISO-Numeric-Code": "762"
}, {
  "Country": "Tanzania, United Republic of",
  "ISO-Alpha-2": "TZ",
  "ISO-Alpha-3": "TZA",
  "ISO-Numeric-Code": "834"
}, {
  "Country": "Thailand",
  "ISO-Alpha-2": "TH",
  "ISO-Alpha-3": "THA",
  "ISO-Numeric-Code": "764"
}, {
  "Country": "Timor-Leste",
  "ISO-Alpha-2": "TL",
  "ISO-Alpha-3": "TLS",
  "ISO-Numeric-Code": "626"
}, {
  "Country": "Togo",
  "ISO-Alpha-2": "TG",
  "ISO-Alpha-3": "TGO",
  "ISO-Numeric-Code": "768"
}, {
  "Country": "Tokelau",
  "ISO-Alpha-2": "TK",
  "ISO-Alpha-3": "TKL",
  "ISO-Numeric-Code": "772"
}, {
  "Country": "Tonga",
  "ISO-Alpha-2": "TO",
  "ISO-Alpha-3": "TON",
  "ISO-Numeric-Code": "776"
}, {
  "Country": "Trinidad and Tobago",
  "ISO-Alpha-2": "TT",
  "ISO-Alpha-3": "TTO",
  "ISO-Numeric-Code": "780"
}, {
  "Country": "Tunisia",
  "ISO-Alpha-2": "TN",
  "ISO-Alpha-3": "TUN",
  "ISO-Numeric-Code": "788"
}, {
  "Country": "Turkey",
  "ISO-Alpha-2": "TR",
  "ISO-Alpha-3": "TUR",
  "ISO-Numeric-Code": "792"
}, {
  "Country": "Turkmenistan",
  "ISO-Alpha-2": "TM",
  "ISO-Alpha-3": "TKM",
  "ISO-Numeric-Code": "795"
}, {
  "Country": "Turks and Caicos Islands",
  "ISO-Alpha-2": "TC",
  "ISO-Alpha-3": "TCA",
  "ISO-Numeric-Code": "796"
}, {
  "Country": "Tuvalu",
  "ISO-Alpha-2": "TV",
  "ISO-Alpha-3": "TUV",
  "ISO-Numeric-Code": "798"
}, {
  "Country": "Uganda",
  "ISO-Alpha-2": "UG",
  "ISO-Alpha-3": "UGA",
  "ISO-Numeric-Code": "800"
}, {
  "Country": "Ukraine",
  "ISO-Alpha-2": "UA",
  "ISO-Alpha-3": "UKR",
  "ISO-Numeric-Code": "804"
}, {
  "Country": "United Arab Emirates",
  "ISO-Alpha-2": "AE",
  "ISO-Alpha-3": "ARE",
  "ISO-Numeric-Code": "784"
}, {
  "Country": "United Kingdom",
  "ISO-Alpha-2": "GB",
  "ISO-Alpha-3": "GBR",
  "ISO-Numeric-Code": "826"
}, {
  "Country": "United States of America",
  "ISO-Alpha-2": "US",
  "ISO-Alpha-3": "USA",
  "ISO-Numeric-Code": "840"
}, {
  "Country": "US Minor Outlying Islands",
  "ISO-Alpha-2": "UM",
  "ISO-Alpha-3": "UMI",
  "ISO-Numeric-Code": "581"
}, {
  "Country": "Uruguay",
  "ISO-Alpha-2": "UY",
  "ISO-Alpha-3": "URY",
  "ISO-Numeric-Code": "858"
}, {
  "Country": "Uzbekistan",
  "ISO-Alpha-2": "UZ",
  "ISO-Alpha-3": "UZB",
  "ISO-Numeric-Code": "860"
}, {
  "Country": "Vanuatu",
  "ISO-Alpha-2": "VU",
  "ISO-Alpha-3": "VUT",
  "ISO-Numeric-Code": "548"
}, {
  "Country": "Venezuela (Bolivarian Republic)",
  "ISO-Alpha-2": "VE",
  "ISO-Alpha-3": "VEN",
  "ISO-Numeric-Code": "862"
}, {
  "Country": "Viet Nam",
  "ISO-Alpha-2": "VN",
  "ISO-Alpha-3": "VNM",
  "ISO-Numeric-Code": "704"
}, {
  "Country": "Virgin Islands, US",
  "ISO-Alpha-2": "VI",
  "ISO-Alpha-3": "VIR",
  "ISO-Numeric-Code": "850"
}, {
  "Country": "Wallis and Futuna Islands",
  "ISO-Alpha-2": "WF",
  "ISO-Alpha-3": "WLF",
  "ISO-Numeric-Code": "876"
}, {
  "Country": "Western Sahara",
  "ISO-Alpha-2": "EH",
  "ISO-Alpha-3": "ESH",
  "ISO-Numeric-Code": "732"
}, {
  "Country": "Yemen",
  "ISO-Alpha-2": "YE",
  "ISO-Alpha-3": "YEM",
  "ISO-Numeric-Code": "887"
}, {
  "Country": "Zambia",
  "ISO-Alpha-2": "ZM",
  "ISO-Alpha-3": "ZMB",
  "ISO-Numeric-Code": "894"
}, {
  "Country": "Zimbabwe",
  "ISO-Alpha-2": "ZW",
  "ISO-Alpha-3": "ZWE",
  "ISO-Numeric-Code": "716"
}]
